<?xml version="1.0" encoding="UTF-8"?>
    <addon id="repository.sportsmania" name="Sportsmania" version="0.1.0" provider-name="JingWang">
        <requires>
            <import addon="xbmc.addon" version="12.0.0"/>
        </requires>
        <extension point="xbmc.addon.repository" name="Sportsmania">
            <info compressed="false">https://github.com/Thanks1022/Sportsmania.git/_repo/addons.xml</info>
            <checksum>https://github.com/Thanks1022/Sportsmania.git/_repo/addons.xml.md5</checksum>
            <datadir zip="true">https://github.com/Thanks1022/Sportsmania.git/_repo/</datadir>
            <hashes>false</hashes>
        </extension>
        <extension point="xbmc.addon.metadata">
            <summary>A short summary of this addon</summary>
            <description>The description can be longer. Using [CR] you can create a newline. The use of other markup is not advised.</description>
            <platform>all</platform>
    </extension>
</addon>