<?xml version="1.0" encoding="UTF-8"?>
    <addon id="repository.sportsmania" name="SportsMania Repository" version="1.1.0" provider-name="SportsMania">
        <requires>
            <import addon="xbmc.addon" version="12.0.0"/>
        </requires>
        <extension point="xbmc.addon.repository" name="Sportsmania">
            <info compressed="false">http://raw.github.com/Willowsportsmania/SportsMania/master/addons.xml</info>
            <checksum>http://raw.github.com/Willowsportsmania/SportsMania/master/addons.xml.md5</checksum>
            <datadir zip="true">http://raw.github.com/Willowsportsmania/SportsMania/master/zips</datadir>
            <hashes>false</hashes>
        </extension>
        <extension point="xbmc.addon.metadata">
            <summary></summary>
            <description></description>
            <platform>all</platform>
    </extension>
</addon>