<?xml version="1.0" encoding="UTF-8" standalone="yes"?>
<addon id="plugin.video.sportsnationhdtv" name="SportsNationHD" version="2.1.5" provider-name="SportsNationHDTV">
  <requires>
    <import addon="xbmc.python" version="2.1.0"/>
    <import addon="script.module.t0mm0.common" version="1.1.0"/>
  </requires>
  <extension point="xbmc.python.pluginsource" library="default.py">
        <provides>video</provides>
  </extension>
  <extension point="xbmc.addon.metadata">
    <summary lang="en">24-7 Streaming of various tv shows or show types</summary>
    <description lang="en">This is a premium streaming service you will need an account from http://sportsnationhd.tv @SportsMania005 www.facebook.com/sportsnationhdtv</description>
    <disclaimer lang="en">[COLOR red][B][I]For support please go to http://sportsnationhd.tv/ or @SportsMania005 and www.facebook.com/groups/1700911476809239/[/B][/I][/COLOR]</disclaimer>
    <platform>all</platform>
  </extension>
</addon>