<?xml version="1.0" encoding="UTF-8" standalone="yes"?>
<addon id="plugin.video.sportsmania" name="SportsMania" version="2.6.0" provider-name="SportsMania">
    <requires>
        <import addon="xbmc.python" version="2.1.0"/>
        <import addon="script.module.urlresolver" version="0.0.1"/>
       <import addon="script.module.requests" version="0.0.1"/>
    </requires>
    <extension point="xbmc.python.pluginsource" library="default.py">
        <provides>video</provides>
    </extension>
    <extension point="xbmc.addon.metadata">
    <summary lang="en">Premium sports streaming service</summary>
    <description lang="en">This is a premium streaming service you will need an account from http://sportsmania.eu/ @SportsMania005 OR https://www.facebook.com/groups/706001612837396</description>
    <disclaimer lang="en">[COLOR red][B][I]For support please go to http://sportsmania.eu/ or @SportsMania005 and https://www.facebook.com/groups/706001612837396[/B][/I][/COLOR]</disclaimer>
    <platform>all</platform>
  </extension>
</addon>

